Permit Number,Permit Year,Project ID,Site,Trip Code,Turtle ID,Capture Number,Date,Year,Month,Season,Transect ID,Location,Time,Method,GPS_Y,GPS_X,Tags,Days At Large,Tag Scars,Tag Scar Location,Tags Fouled,Tags Fouled Comment,Flipper Tag 1,Flipper Tag 2,PIT Tag,Species,Head Width cm,SCL Min cm,SCL Standard cm,SCWidth cm,CCL Min cm,CCL Standard cm,CCWidth cm,Plastron cm,Tail to Tip cm,Tail to Vent cm,Weight kg,Sex,Body Condition,Flipper Damage,Flipper Damage Comment,Carapace Damage,Carapace Damage Comment,Mouth Check,Mouth Check Comment,Leeches,Leeches Comment,Coccoons,Coccoons Comment,Barnacles Scutes,Barnacles Scales,Fibropapilloma Visible,FP Tumor Score,FP Balazs Score,Photos,Notes,Taken to Rehab,Final Disposition
NMFS 19496,NMFS_2015-2016,Effects of the recreational bay scallop fishery,"Crystal River, FL, USA",CR201605_1,1,NA,5/6/16,2016,5,1 - Spring,,NA,9:15,Dip Net,28.84453,-82.75607,New Recruit,NA,No,NA,NA,NA,LLP018,LLP019,982.000362984124,Cm,4.9,32.7,33.4,27.4,34.6,NA,30,26.2,6.5,3.7,3.9,NA,Good,Yes,"RRF 5%, 3 fresh cuts to flipper edge",No,NA,Yes,Clean,No,NA,No,NA,Few,Few,No,NA,NA,Yes,,No,Released
NMFS 19496,NMFS_2015-2016,Effects of the recreational bay scallop fishery,"Crystal River, FL, USA",CR201605_1,2,NA,5/6/16,2016,5,1 - Spring,,NA,9:30,Dip Net,28.84608,-82.76060,New Recruit,NA,No,NA,NA,NA,LLP011,NA,982.000364835451,Cm,4.7,40.6,41.2,33.6,44.2,NA,37.9,33.6,6.5,3.5,8.5,NA,Good,No,NA,No,NA,Yes,Clean,No,NA,No,NA,Few,Few,Yes,26,2,Yes,,No,Released
NMFS 19496,NMFS_2015-2016,Effects of the recreational bay scallop fishery,"Crystal River, FL, USA",CR201605_1,3,NA,5/6/16,2016,5,1 - Spring,,NA,9:50,Dip Net,28.84258,-82.76115,New Recruit,NA,No,NA,NA,NA,NA,NA,982.000364884011,Cm,4.7,26.4,26.5,21,28.9,NA,23.5,22,4.4,2.9,2.6,NA,Good,No,NA,No,NA,Yes,Clean,No,NA,No,NA,Heavy,Few,No,NA,NA,Yes,,No,Released
NMFS 19496,NMFS_2015-2016,Effects of the recreational bay scallop fishery,"Crystal River, FL, USA",CR201605_1,4,NA,5/6/16,2016,5,1 - Spring,,NA,10:20,Dip Net,28.84588,-82.76027,New Recruit,NA,No,NA,NA,NA,LLP012,LLP013,982.000365058642,Cm,5.6,38.4,39,31.3,41.9,NA,35.1,30.7,6.9,4.8,7.3,NA,Good,No,NA,No,NA,Yes,Clean,No,NA,No,NA,Few,None,Yes,2,1,Yes,,No,Released
NMFS 19496,NMFS_2015-2016,Effects of the recreational bay scallop fishery,"Crystal River, FL, USA",CR201605_1,5,NA,5/6/16,2016,5,1 - Spring,,NA,10:24,Dip Net,28.84698,-82.75883,New Recruit,NA,No,NA,NA,NA,NA,NA,982.000362993150,Cm,5.5,34.7,35.3,27.8,37.8,NA,32.6,28.2,5.9,4.3,5.5,NA,Good,No,NA,No,NA,Yes,Clean,No,NA,Yes,Front flippers,Few,None,Yes,51,2,Yes,,No,Released
NMFS 19496,NMFS_2015-2016,Effects of the recreational bay scallop fishery,"Crystal River, FL, USA",CR201605_1,6,NA,5/6/16,2016,5,1 - Spring,,NA,10:36,Dip Net,28.84163,-82.75767,New Recruit,NA,No,NA,NA,NA,LLP014,LLP015,982.000362981583,Cm,4.9,31.8,32,24.5,34.5,NA,29.1,26.4,5.5,3.5,4.3,NA,Good,No,NA,No,NA,Yes,Clean,Yes,"Inguinal, neck",Yes,Front flippers,Few,None,Yes,4,1,Yes,,No,Released
NMFS 19496,NMFS_2015-2016,Effects of the recreational bay scallop fishery,"Crystal River, FL, USA",CR201605_1,7,NA,5/6/16,2016,5,1 - Spring,,NA,10:55,Dip Net,28.84060,-82.76022,New Recruit,NA,No,NA,NA,NA,LLP016,LLP017,982.000362986908,Cm,5,32.9,33.4,25.1,35.3,NA,28.4,26.7,5.5,3.5,4.6,NA,Good,No,NA,No,NA,Yes,Seagrass,Yes,Inguinal  ,Yes,"Ventral side, LFF RFF",Few,None,No,NA,NA,Yes,,No,Released
NMFS 19496,NMFS_2015-2016,Effects of the recreational bay scallop fishery,"Crystal River, FL, USA",CR201605_1,8,NA,5/7/16,2016,5,1 - Spring,,NA,9:47,Dip Net,28.81637,-82.78640,New Recruit,NA,No,NA,NA,NA,LLP020,LLP022,982.000364883639,Cm,7.5,50.3,51.2,40.8,55.7,NA,48.7,43,8,5.2,17.8,NA,Robust,No,NA,No,NA,Yes,Clean,Yes,Inguinal,No,NA,Few,None,No,NA,NA,Yes,,No,Released
NMFS 19496,NMFS_2015-2016,Effects of the recreational bay scallop fishery,"Crystal River, FL, USA",CR201605_1,10,NA,5/7/16,2016,5,1 - Spring,,NA,10:51,Dip Net,28.81045,-82.77908,New Recruit,NA,No,NA,NA,NA,LLP103,LLP104,982.000364835786,Cm,5.5,32.9,33.4,26.3,34.9,NA,30,27.5,4.9,3.1,4.7,NA,Good,No,NA,No,NA,Yes,Seagrass,No,NA,Yes,FLF,Few,Few,No,NA,NA,Yes,,No,Released
NMFS 19496,NMFS_2015-2016,Effects of the recreational bay scallop fishery,"Crystal River, FL, USA",CR201605_1,11,NA,5/7/16,2016,5,1 - Spring,,NA,11:27,Dip Net,28.81685,-82.77225,New Recruit,NA,No,NA,NA,NA,LLP023,NA,982.000362993411,Cm,5,29.6,30,24.7,31.9,NA,28.8,24.5,5.9,4.1,3.5,NA,Robust,No,NA,Yes,Scrape/dent right plastron,Yes,Clean,Yes,"Neck, removed",Yes,"RRF LRF, head/neck",Few,Few,No,NA,NA,Yes,,No,Released
NMFS 19496,NMFS_2015-2016,Effects of the recreational bay scallop fishery,"Crystal River, FL, USA",CR201605_1,12,NA,5/7/16,2016,5,1 - Spring,,NA,11:48,Dip Net,28.81668,-82.77050,New Recruit,NA,No,NA,NA,NA,LLP101,LLP102,982.000362992918,Cm,5.4,32.3,32.6,26.5,34.3,NA,29.6,27,4.5,2.9,4,NA,Good,No,NA,No,NA,Yes,Clean,No,NA,Yes,FLF,None,None,No,NA,NA,Yes,,No,Released
NMFS 19496,NMFS_2015-2016,Effects of the recreational bay scallop fishery,"Crystal River, FL, USA",CR201605_1,23,NA,5/9/16,2016,5,1 - Spring,,NA,9:30,Dip Net,28.77082,-82.77095,New Recruit,NA,No,NA,NA,NA,LLP126,LLP127,982.000406134379,Cm,6.6,40.5,41.2,31.7,43.5,NA,37.6,44,5.8,3.5,8.8,NA,Robust,No,NA,No,NA,Yes,Clean,Yes,Rear flippers,No,NA,Few,None,No,NA,NA,Yes,,No,Released
NMFS 19496,NMFS_2015-2016,Effects of the recreational bay scallop fishery,"Crystal River, FL, USA",CR201605_1,25,NA,5/9/16,2016,5,1 - Spring,,NA,13:37,Dip Net,28.76453,-82.76088,New Recruit,NA,No,NA,NA,NA,LLP134,LLP135,982.000406132821,Cm,6.7,45.6,46.2,38.2,49.6,NA,43.1,37.6,8.1,5.5,13.4,NA,Good,No,NA,No,NA,Yes,Seagrass,No,NA,No,NA,None,None,No,NA,NA,Yes,,No,Released
NMFS 19496,NMFS_2015-2016,Effects of the recreational bay scallop fishery,"Crystal River, FL, USA",CR201605_1,26,NA,5/9/16,2016,5,1 - Spring,,NA,13:47,Dip Net,28.76745,-82.76068,New Recruit,NA,No,NA,NA,NA,LLP136,LLP137,982.000406133507,Cm,7.8,55.5,57.1,45.6,61.4,NA,53.2,47.6,10.1,6.4,23.3,NA,Robust,No,NA,No,NA,Yes,Clean,Yes,"Inguinal, LFF RFF",Yes,Front flippers,Few,Few,Yes,9,1,Yes,,No,Released
NMFS 19496,NMFS_2015-2016,Effects of the recreational bay scallop fishery,"Crystal River, FL, USA",CR201605_1,27,NA,5/9/16,2016,5,1 - Spring,,NA,14:10,Dip Net,28.77752,-82.75888,New Recruit,NA,No,NA,NA,NA,LLP132,LLP133,982.000406134364,Cm,5.9,33.2,33.9,26.4,36.5,NA,32.1,28.2,5.9,4,5,NA,Robust,Yes,"RFF 5% missing, LFF bent, RRF 10% missing ",No,NA,Yes,Clean,Yes,Inguinal,Yes,Front/rear flippers  ,Few,None,No,NA,NA,Yes,,No,Released
NMFS 19496,NMFS_2015-2016,Effects of the recreational bay scallop fishery,"Crystal River, FL, USA",CR201605_1,28,NA,5/9/16,2016,5,1 - Spring,,NA,14:54,Dip Net,28.78318,-82.75717,New Recruit,NA,No,NA,NA,NA,LLP138,LLP139,982.000406133616,Cm,9.4,40.7,41.1,32.8,43.6,NA,37.4,33.6,7,4,8.8,NA,Robust,No,NA,No,NA,Yes,Clean,Yes,LFF RFF,Yes,Front flippers,None,None,No,NA,NA,Yes,,No,Released
NMFS 19496,NMFS_2015-2016,Effects of the recreational bay scallop fishery,"Crystal River, FL, USA",CR201605_1,30,NA,5/10/16,2016,5,1 - Spring,,NA,9:09,Dip Net,28.82170,-82.74988,New Recruit,NA,No,NA,NA,NA,LLP142,NA,982.000406134251,Cm,5.5,34.5,35.3,27.5,38.3,NA,32.1,28.4,5.4,3.6,5.8,NA,Robust,No,NA,No,NA,Yes,Clean,No,NA,No,NA,Few,None,Yes,28,2,Yes,,No,Released
NMFS 19496,NMFS_2015-2016,Effects of the recreational bay scallop fishery,"Crystal River, FL, USA",CR201605_1,31,NA,5/10/16,2016,5,1 - Spring,,NA,13:58,Rodeo,28.73415,-82.74450,New Recruit,NA,No,NA,NA,NA,LLP143,LLP144,982.000406133690,Cm,9.7,72,72.4,57.1,77.8,NA,68.5,59.7,17,12.2,55,NA,Robust,Yes,Minor,No,NA,Yes,Seagrass,Yes,Near rear flipper,Yes,Front flippers,Partial,None,No,NA,NA,Yes,,No,Released
NMFS 19496,NMFS_2015-2016,Effects of the recreational bay scallop fishery,"Crystal River, FL, USA",CR201605_1,32,NA,5/10/16,2016,5,1 - Spring,,NA,14:30,Rodeo,28.73553,-82.74520,New Recruit,NA,No,NA,NA,NA,LLP145,LLP147,982.000406134201,Cm,9.8,75.4,76.2,60.6,81.9,NA,73.7,62,17.5,11.5,66.7,NA,Robust,No,NA,Yes,Notch damage/nodule RRF,No,NA,Yes,Rear flippers,No,NA,Few,None,No,NA,NA,Yes,,No,Released
NMFS 19496,NMFS_2015-2016,Effects of the recreational bay scallop fishery,"Crystal River, FL, USA",CR201605_1,35,NA,5/11/16,2016,5,1 - Spring,,NA,9:42,Dip Net,28.84190,-82.74592,New Recruit,NA,No,NA,NA,NA,LLP148,NA,982.000406134281,Cm,4.9,28.8,29.1,23,30.9,NA,25.4,23.4,5,3.7,2.8,NA,Good,Yes,Missing parts of flippers,Yes,Bottom right,Yes,Clean,No,NA,No,NA,Few,None,Yes,13,2,Yes,,No,Released
NMFS 19496,NMFS_2015-2016,Effects of the recreational bay scallop fishery,"Crystal River, FL, USA",CR201605_1,36,NA,5/11/16,2016,5,1 - Spring,,NA,10:25,Dip Net,28.84143,-82.74583,New Recruit,NA,No,NA,NA,NA,LLP152,LLP151,982.000406134184,Cm,5.2,32.4,32.9,25.8,35.6,NA,30,27,5.1,3.4,4.4,NA,Good,No,NA,No,NA,Yes,Clean,Yes,Rear flippers,Yes,Front flippers,Few,None,NA,NA,NA,Yes,,No,Released
NMFS 19496,NMFS_2015-2016,Effects of the recreational bay scallop fishery,"Crystal River, FL, USA",CR201605_1,37,NA,5/11/16,2016,5,1 - Spring,,NA,10:38,Dip Net,28.84097,-82.75022,New Recruit,NA,No,NA,NA,NA,LLP153,LLP154,982.000406132683,Cm,6.6,43.8,44.5,33.4,47.0,NA,38.7,37.6,7.8,5.1,10,NA,Good,No,NA,No,NA,Yes,Clean,Yes,RFF,No,NA,Few,None,Yes,7,2,Yes,,No,Released
NMFS 19496,NMFS_2015-2016,Effects of the recreational bay scallop fishery,"Crystal River, FL, USA",CR201605_1,38,NA,5/11/16,2016,5,1 - Spring,,NA,11:06,Dip Net,28.83902,-82.74668,New Recruit,NA,No,NA,NA,NA,LLP156,LLP157,982.000406133316,Cm,5.2,31.7,32.6,24.8,34.5,NA,23.7,26.9,6.5,4.6,4.1,NA,Good,No,NA,No,NA,Yes,Clean,Yes,RRF (minor),Yes,RFF (minor),Partial,None,Yes,7,2,Yes,,No,Released
NMFS 19496,NMFS_2015-2016,Effects of the recreational bay scallop fishery,"Crystal River, FL, USA",CR201605_1,39,NA,5/11/16,2016,5,1 - Spring,,NA,11:15,Dip Net,28.83953,-82.74645,New Recruit,NA,No,NA,NA,NA,LLP161,LLP162,982.000406133871,Cm,6,34.3,34.6,27.5,37.8,NA,31.1,28.4,5.9,3.7,5.5,NA,Good,Yes,RRF LRF,No,NA,Yes,Clean,Yes,"LRF, RRF, base front flippers",No,NA,Few,None,No,NA,NA,Yes,,No,Released
NMFS 19496,NMFS_2015-2016,Effects of the recreational bay scallop fishery,"Crystal River, FL, USA",CR201605_1,41,NA,5/12/16,2016,5,1 - Spring,,NA,9:24,Dip Net,28.84293,-82.73975,New Recruit,NA,No,NA,NA,NA,LLP163,LLP164,989.001001237388,Cm,6.7,43.3,44.1,33.9,46.1,NA,36,35.6,7.3,5,9.7,NA,Good,No,NA,Yes,Rear left side,Yes,Clean,No,NA,No,NA,Few,None,Yes,5,1,Yes,,No,Released
NMFS 19496,NMFS_2015-2016,Effects of the recreational bay scallop fishery,"Crystal River, FL, USA",CR201605_1,42,NA,5/12/16,2016,5,1 - Spring,,NA,9:42,Dip Net,28.84158,-82.74133,New Recruit,NA,No,NA,NA,NA,LLP166,LLP167,989.001001237439,Cm,6.1,39,39.5,31.9,42.1,NA,36.1,33.3,5.5,4,7.7,NA,Good,No,NA,No,NA,Yes,Clean,No,NA,Yes,"Plastron, front flippers",Few,None,Yes,17,2,Yes,,No,Released
NMFS 19496,NMFS_2015-2016,Effects of the recreational bay scallop fishery,"Crystal River, FL, USA",CR201605_1,46,NA,5/12/16,2016,5,1 - Spring,,NA,15:31,Rodeo,28.84838,-82.74352,New Recruit,NA,No,NA,NA,NA,LLP174,NA,989.001001237367,Cm,5.6,35.3,36.1,30,39.0,NA,33.4,28.6,6.5,4.3,5.8,NA,Good,No,NA,No,NA,Yes,Clean,Yes,Cloaca,No,NA,Few,Few,Yes,1,1,Yes,,No,Released
NMFS 19496,NMFS_2016-2017,Effects of the recreational bay scallop fishery,"Crystal River, FL, USA",CR201608_1,48,NA,8/3/16,2016,8,2 - Summer,,NA,13:30,Dip Net,28.77715,-82.75333,New Recruit,NA,No,NA,NA,NA,LLT869,LLT870,982.000406130302,Cm,5.3,34.7,35.5,26.8,38.5,NA,30.4,29.2,5.7,4.2,6.6,NA,Good,No,NA,No,NA,Yes,Clean,No,NA,No,NA,Few,None,Yes,39,2,Yes,,No,Released
NMFS 19496,NMFS_2016-2017,Effects of the recreational bay scallop fishery,"Crystal River, FL, USA",CR201608_1,49,NA,8/3/16,2016,8,2 - Summer,,NA,14:12,Dip Net,28.78010,-82.75578,New Recruit,NA,No,NA,NA,NA,LLT871,LLT873,982.000406128557,Cm,7.6,52.8,53.3,42.5,59.0,NA,51.2,44.2,11.1,7.9,23.3,NA,Good,No,NA,No,NA,Yes,Clean,No,NA,No,NA,Few,None,Yes,5,1,Yes,,No,Released
NMFS 19496,NMFS_2016-2017,Effects of the recreational bay scallop fishery,"Crystal River, FL, USA",CR201608_2,50,NA,8/16/16,2016,8,2 - Summer,,NA,10:12,Dip Net,28.76927,-82.75942,New Recruit,NA,No,NA,NA,NA,MMF126,LLT875,982.000406128756,Cm,6.6,47.5,48.9,36.7,51.1,NA,42.7,39.5,7.4,5.6,13.5,NA,Good,No,NA,No,NA,Yes,Clean,No,NA,No,NA,None,Few,No,NA,NA,Yes,,No,Released
NMFS 19496,NMFS_2016-2017,Effects of the recreational bay scallop fishery,"Crystal River, FL, USA",CR201608_2,53,NA,8/16/16,2016,8,2 - Summer,,NA,12:38,Dip Net,28.79146,-82.76038,New Recruit,NA,No,NA,NA,NA,TOO SMALL,TOO SMALL,TOO SMALL,Cm,4.3,24.3,24.7,18.7,27.6,NA,21.2,20.7,3.7,2.4,1.6,NA,Good,No,NA,No,NA,Yes,Clean,No,NA,No,NA,Few,None,No,NA,NA,Yes,"Too small for PIT and flipper tags, Sample# TS001",No,Released
NMFS 19496,NMFS_2016-2017,Effects of the recreational bay scallop fishery,"Crystal River, FL, USA",CR201608_2,54,NA,8/16/16,2016,8,2 - Summer,,NA,13:04,Dip Net,28.79428,-82.75911,New Recruit,NA,No,NA,NA,NA,MMF132,MMF131,982.000406129567,Cm,5.4,36.4,37.3,27.5,39.8,NA,31.2,29.8,6,3.8,6.3,NA,Good,No,NA,No,NA,Yes,Seagrass Thalassia blade,No,NA,No,NA,None,None,Yes,36,2,Yes,,No,Released
NMFS 19496,NMFS_2016-2017,Effects of the recreational bay scallop fishery,"Crystal River, FL, USA",CR201608_2,56,NA,8/17/16,2016,8,2 - Summer,,NA,11:54,Dip Net,28.77272,-82.74476,New Recruit,NA,No,NA,NA,NA,TOO SMALL,TOO SMALL,TOO SMALL,Cm,4.3,25.1,25.5,19.5,27.5,NA,22.4,20.3,4.3,2.6,2.2,NA,Good,No,NA,No,NA,Yes,Clean,No,NA,No,NA,Few,None,No,NA,NA,Yes,"Too small for PIT and flipper tags, Sample# TS002",No,Released
NMFS 19496,NMFS_2016-2017,Effects of the recreational bay scallop fishery,"Crystal River, FL, USA",CR201608_2,57,NA,8/17/16,2016,8,2 - Summer,,NA,12:05,Dip Net,28.77186,-82.74547,New Recruit,NA,No,NA,NA,NA,MMF144,MMF143,982.000406129241,Cm,5.1,32,32.7,24.4,36.2,NA,29.7,26.3,7.2,4.9,5.4,NA,Good,No,NA,No,NA,Yes,Clean,No,NA,No,NA,None,Few,Yes,20,1,Yes,,No,Released
NMFS 19496,NMFS_2016-2017,Effects of the recreational bay scallop fishery,"Crystal River, FL, USA",CR201608_2,60,NA,8/17/16,2016,8,2 - Summer,,NA,13:08,Dip Net,28.77464,-82.75583,New Recruit,NA,No,NA,NA,NA,MMF142,MMF141,982.000406128448,Cm,5.5,33.9,34.6,27.7,37.8,NA,32.7,28.4,3.4,5.2,6.1,NA,Good,No,NA,No,NA,Yes,Clean,No,NA,No,NA,Few,None,Yes,37,2,Yes,,No,Released
NMFS 19496,NMFS_2016-2017,Effects of the recreational bay scallop fishery,"Crystal River, FL, USA",CR201608_2,65,NA,8/18/16,2016,8,2 - Summer,,NA,12:11,Dip Net,28.80120,-82.73312,New Recruit,NA,No,NA,NA,NA,SICK,SICK,SICK,Cm,5.4,32.7,33.1,26.4,36.0,NA,32,27.2,6,2.9,4.6,NA,Underweight,No,NA,No,NA,Yes,Clean,No,NA,Yes,NA,Few,Few,Yes,39,3,Yes,Too sick for tags/samples; Photo ID# is FP001,No,Released
NMFS 19496,NMFS_2016-2017,Effects of the recreational bay scallop fishery,"Crystal River, FL, USA",CR201608_3,91,NA,8/25/16,2016,8,2 - Summer,,NA,12:19,Dip Net,28.79281,-82.76759,New Recruit,NA,No,NA,NA,NA,MMF103,MMF104,982.000406129265,Cm,6.4,39.5,40.1,33.6,42.5,NA,37.3,32.3,7.1,4.4,8.1,NA,Good,No,NA,No,NA,Yes,Clean,No,NA,No,NA,Few,None,Yes,1,1,Yes,,No,Released
NMFS 19496,NMFS_2016-2017,Effects of the recreational bay scallop fishery,"Crystal River, FL, USA",CR201608_3,90,NA,8/25/16,2016,8,2 - Summer,,NA,12:23,Dip Net,28.79352,-82.76909,New Recruit,NA,No,NA,NA,NA,MMF105,MMF106,982.000406130150,Cm,4.7,29.1,29.7,22.1,32.7,NA,26.4,24,5.9,2.8,2.8,NA,Good,No,NA,No,NA,Yes,Clean,No,NA,No,NA,Few,Few,Yes,24,2,Yes,,No,Released
NMFS 19496,NMFS_2016-2017,Effects of the recreational bay scallop fishery,"Crystal River, FL, USA",CR201608_3,88,NA,8/25/16,2016,8,2 - Summer,,NA,12:33,Dip Net,28.79591,-82.76823,New Recruit,NA,No,NA,NA,NA,MMF109,MMF110,982.000406129945,Cm,5.6,32,32.3,25.4,34.3,NA,29.3,26,6.4,3.6,4.5,NA,Good,No,NA,Yes,Notch on rear left,Yes,Clean,No,NA,No,NA,None,Few,No,NA,NA,Yes,,No,Released
NMFS 19496,NMFS_2016-2017,Effects of the recreational bay scallop fishery,"Crystal River, FL, USA",CR201608_3,89,NA,8/25/16,2016,8,2 - Summer,,NA,12:36,Dip Net,28.79650,-82.76870,New Recruit,NA,No,NA,NA,NA,MMF107,MMF108,982.000406128932,Cm,5.9,36.2,36.9,28.7,40.5,NA,34,29.9,7.8,4.9,3.9,NA,Good,No,NA,No,NA,Yes,Clean,No,NA,No,NA,Few,Few,Yes,1,1,Yes,,No,Released
NMFS 19496,NMFS_2016-2017,Effects of the recreational bay scallop fishery,"Crystal River, FL, USA",CR201608_3,87,NA,8/25/16,2016,8,2 - Summer,,NA,13:53,Dip Net,28.79853,-82.77108,New Recruit,NA,No,NA,NA,NA,MMF112,MMF111,982.000406128810,Cm,5.2,32,32.5,25.1,34.5,NA,28.3,26.6,6.4,4,3.1,NA,Good,No,NA,No,NA,Yes,Sponge/Tunicate?,No,NA,No,NA,None,None,No,NA,NA,Yes,,No,Released
NMFS 19496,NMFS_2016-2017,Effects of the recreational bay scallop fishery,"Crystal River, FL, USA",CR201608_3,86,NA,8/25/16,2016,8,2 - Summer,,NA,14:18,Dip Net,28.81598,-82.77738,New Recruit,NA,No,NA,NA,NA,MMF113,MMF114,982.000406129276,Cm,4.7,29,29.5,24,31.6,NA,26.8,24,5.1,3.5,4.3,NA,Good,No,NA,No,NA,Yes,Clean,No,NA,No,NA,None,Few,No,NA,NA,Yes,,No,Released
NMFS 19496,NMFS_2016-2017,Effects of the recreational bay scallop fishery,"Crystal River, FL, USA",CR201608_3,84,NA,8/25/16,2016,8,2 - Summer,,NA,15:20,Dip Net,28.82829,-82.77335,New Recruit,NA,No,NA,NA,NA,MMF119,MMF121,982.000406129975,Cm,5.9,38.6,39.2,31.3,43.3,NA,37.1,28.6,8.7,6.7,6.3,NA,Good,Yes,Missing RRF,No,NA,Yes,Clean,No,NA,No,NA,Few,Few,Yes,9,1,Yes,Deformed plastron,No,Released
NMFS 19496,NMFS_2016-2017,Effects of the recreational bay scallop fishery,"Crystal River, FL, USA",CR201608_3,85,NA,8/25/16,2016,8,2 - Summer,,NA,15:28,Dip Net,28.83009,-82.77337,New Recruit,NA,No,NA,NA,NA,MMF117,MMF118,982.000406129667,Cm,5.6,36.6,36.7,28.1,39.4,NA,31.9,30.3,6.1,4.2,6.5,NA,Good,No,NA,No,NA,Yes,Clean,No,NA,No,NA,None,Few,No,NA,NA,Yes,,No,Released
NMFS 19496,NMFS_2016-2017,Effects of the recreational bay scallop fishery,"Crystal River, FL, USA",CR201608_3,83,NA,8/25/16,2016,8,2 - Summer,,NA,15:31,Dip Net,28.83098,-82.77335,New Recruit,NA,No,NA,NA,NA,MMF120,MMF122,982.000406129742,Cm,6,38.5,39.3,31.4,42.8,NA,36.9,32.7,6.2,4.5,8.4,NA,Good,No,NA,No,NA,Yes,Clean,No,NA,No,NA,Few,Few,Yes,36,1,Yes,,No,Released
NMFS 19496,NMFS_2016-2017,Effects of the recreational bay scallop fishery,"Crystal River, FL, USA",CR201608_3,82,NA,8/26/16,2016,8,2 - Summer,,NA,15:16,Dip Net,28.83929,-82.75411,New Recruit,NA,No,NA,NA,NA,MMF177,MMF178,982.000406129413,Cm,5.3,32.7,33.4,26.8,35.0,NA,29.1,27.3,6,3.7,4.1,NA,Good,No,NA,Yes,Small notch on rear left,Yes,Clean,No,NA,No,NA,Few,Few,No,NA,NA,Yes,,No,Released
NMFS 19496,NMFS_2016-2017,Effects of the recreational bay scallop fishery,"Crystal River, FL, USA",CR201608_3,78,NA,8/26/16,2016,8,2 - Summer,,NA,15:25,Dip Net,28.84086,-82.74968,New Recruit,NA,No,NA,NA,NA,MMF189,MMF190,982.000406128432,Cm,5.5,34.1,34.4,26.6,38.3,NA,31.5,28,6.5,4.7,6.1,NA,Good,No,NA,No,NA,Yes,Clean,No,NA,No,NA,None,Few,Yes,16,1,Yes,,No,Released
NMFS 19496,NMFS_2016-2017,Effects of the recreational bay scallop fishery,"Crystal River, FL, USA",CR201608_3,79,NA,8/26/16,2016,8,2 - Summer,,NA,15:34,Dip Net,28.84143,-82.75267,New Recruit,NA,No,NA,NA,NA,MMF187,MMF188,982.000406129018,Cm,5.8,36.1,36.8,29.2,40.3,NA,34,31.2,6.7,4.9,7.6,NA,Good,No,NA,No,NA,Yes,Clean,No,NA,No,NA,Few,Few,Yes,29,2,Yes,,No,Released
NMFS 19496,NMFS_2016-2017,Effects of the recreational bay scallop fishery,"Crystal River, FL, USA",CR201608_3,81,NA,8/26/16,2016,8,2 - Summer,,NA,15:36,Dip Net,28.84244,-82.75247,New Recruit,NA,No,NA,NA,NA,MMF183,MMF184,982.000406129539,Cm,5.7,33.5,34.2,25.9,37.8,NA,31,28.7,6.4,4.3,6,NA,Good,No,NA,No,NA,Yes,Clean,No,NA,No,NA,Few,Few,Yes,3,1,Yes,,No,Released
NMFS 19496,NMFS_2016-2017,Effects of the recreational bay scallop fishery,"Crystal River, FL, USA",CR201608_3,80,NA,8/26/16,2016,8,2 - Summer,,NA,15:45,Dip Net,28.84399,-82.75359,New Recruit,NA,No,NA,NA,NA,MMF185,MMF186,982.000406128799,Cm,6.2,39.7,40,33.4,43.4,NA,39.5,34,7.3,4.7,9.9,NA,Good,No,NA,No,NA,Yes,Clean,No,NA,No,NA,Few,Few,Yes,37,2,Yes,,No,Released
NMFS 19496,NMFS_2016-2017,Effects of the recreational bay scallop fishery,"Crystal River, FL, USA",CR201608_3,77,NA,8/26/16,2016,8,2 - Summer,,NA,15:48,Dip Net,28.84332,-82.75617,New Recruit,NA,No,NA,NA,NA,MMF191,MMF192,982.000406129157,Cm,6.2,43.5,44.2,32.3,48.2,NA,37.9,36.5,8.2,5.4,10.8,NA,Good,No,NA,Yes,Small notch on left side,Yes,Clean,No,NA,No,NA,Few,Few,Yes,25,1,Yes,,No,Released
NMFS 19496,NMFS_2016-2017,Effects of the recreational bay scallop fishery,"Crystal River, FL, USA",CR201608_3,76,NA,8/27/16,2016,8,2 - Summer,,NA,15:53,Dip Net,28.84098,-82.74881,New Recruit,NA,No,NA,NA,NA,MMF193,MMF194,982.000406129926,Cm,5.3,31.6,32.4,25,34.3,NA,29,26.9,5.3,3.4,4.6,NA,Good,No,NA,No,NA,Yes,Clean,No,NA,No,NA,Few,Few,No,NA,NA,Yes,,No,Released
NMFS 19496,NMFS_2016-2017,Effects of the recreational bay scallop fishery,"Crystal River, FL, USA",CR201608_3,73,NA,8/27/16,2016,8,2 - Summer,,NA,15:56,Dip Net,28.84169,-82.74903,New Recruit,NA,No,NA,NA,NA,MMF199,MMF200,982.000406128507,Cm,5.5,33.8,34.3,26.1,37.5,NA,30.4,27.4,6.5,4.1,5.3,NA,Good,No,NA,No,NA,Yes,Clean,No,NA,No,NA,Few,None,Yes,36,2,Yes,,No,Released
NMFS 19496,NMFS_2016-2017,Effects of the recreational bay scallop fishery,"Crystal River, FL, USA",CR201608_3,74,NA,8/27/16,2016,8,2 - Summer,,NA,15:58,Dip Net,28.84166,-82.74971,New Recruit,NA,No,NA,NA,NA,MMF197,MMF198,982.000406128940,Cm,5.3,33.7,34.6,28,37.9,NA,33,29,6.5,4,5.8,NA,Good,No,NA,No,NA,Yes,Clean,No,NA,No,NA,Few,Few,Yes,9,1,Yes,,No,Released
NMFS 19496,NMFS_2016-2017,Effects of the recreational bay scallop fishery,"Crystal River, FL, USA",CR201608_3,75,NA,8/27/16,2016,8,2 - Summer,,NA,16:16,Dip Net,28.84106,-82.75505,New Recruit,NA,No,NA,NA,NA,MMF195,MMF196,982.000406129441,Cm,5.5,34.2,34.9,27.6,38.1,NA,32.7,29.1,6.2,4.1,5.3,NA,Good,No,NA,No,NA,Yes,Clean,No,NA,No,NA,None,Few,Yes,7,1,Yes,,No,Released
NMFS 19496,NMFS_2016-2017,Effects of the recreational bay scallop fishery,"Crystal River, FL, USA",CR201609_1,98,NA,9/10/16,2016,9,3 - Fall,,NA,12:39,Dip Net,28.83170,-82.74529,New Recruit,NA,No,NA,NA,NA,MMF172,MMF171,982.000406130083,Cm,7.1,45.4,45.9,36.6,49.8,NA,31.7,39,8,5.6,13.1,NA,Good,No,NA,No,NA,Yes,Clean,No,NA,No,NA,Few,Few,Yes,27,2,Yes,,No,Released
NMFS 19496,NMFS_2016-2017,Effects of the recreational bay scallop fishery,"Crystal River, FL, USA",CR201609_1,99,NA,9/10/16,2016,9,3 - Fall,,NA,12:47,Dip Net,28.83328,-82.74533,New Recruit,NA,No,NA,NA,NA,MMF168,MMF167,982.000406129097,Cm,5.2,31.9,32.5,24.9,33.5,NA,28.9,26.7,6.5,3.8,4.2,NA,Good,No,NA,Yes,Small notch on left side,Yes,Clean,No,NA,No,NA,Few,None,Yes,14,1,Yes,,No,Released
NMFS 19496,NMFS_2016-2017,Effects of the recreational bay scallop fishery,"Crystal River, FL, USA",CR201609_1,100,NA,9/10/16,2016,9,3 - Fall,,NA,13:02,Dip Net,28.83446,-82.74567,New Recruit,NA,No,NA,NA,NA,TOO SMALL,TOO SMALL,TOO SMALL,Cm,4.4,27.5,28,21.3,30.7,NA,25.3,22.8,5.5,3.7,2.6,NA,Good,No,NA,Yes,Small notch on right side  ,Yes,Clean,No,NA,No,NA,Few,None,Yes,7,1,Yes,Sample number is TS005,No,Released
NMFS 19496,NMFS_2016-2017,Effects of the recreational bay scallop fishery,"Crystal River, FL, USA",CR201609_1,101,NA,9/10/16,2016,9,3 - Fall,,NA,13:06,Dip Net,28.83672,-82.74415,New Recruit,NA,No,NA,NA,NA,MMF164,MMF163,982.000406128614,Cm,5.6,34.9,35.4,27.2,37.5,NA,31.7,29.8,6.4,4.2,7,NA,Good,No,NA,No,NA,Yes,Seagrass Thalassia blade,No,NA,No,NA,None,Few,No,NA,NA,Yes,,No,Released
NMFS 19496,NMFS_2016-2017,Effects of the recreational bay scallop fishery,"Crystal River, FL, USA",CR201609_1,103,NA,9/10/16,2016,9,3 - Fall,,NA,13:26,Dip Net,28.83677,-82.74017,New Recruit,NA,No,NA,NA,NA,MMF170,MMF169,982.000406129744,Cm,5.1,32.9,33.5,27.9,36.6,NA,31.5,27.8,6.7,4.3,5.5,NA,Good,Yes,"Missing LRF, LFF missing 15%",Yes,Notch on rear left,Yes,Clean,No,NA,No,NA,Few,None,Yes,11,1,Yes,,No,Released
NMFS 19496,NMFS_2016-2017,Effects of the recreational bay scallop fishery,"Crystal River, FL, USA",CR201609_1,104,NA,9/10/16,2016,9,3 - Fall,,NA,13:33,Dip Net,28.83350,-82.74382,New Recruit,NA,No,NA,NA,NA,MMF166,MMF165,982.000406129422,Cm,5.2,33.2,33.9,25.9,36.8,NA,30.1,28,5.1,3.8,4.8,NA,Good,No,NA,No,NA,Yes,Seagrass Syringodium blade,No,NA,No,NA,None,Few,Yes,8,1,Yes,,No,Released
NMFS 19496,NMFS_2016-2017,Effects of the recreational bay scallop fishery,"Crystal River, FL, USA",CR201609_1,105,NA,9/10/16,2016,9,3 - Fall,,NA,13:41,Dip Net,28.83230,-82.74508,New Recruit,NA,No,NA,NA,NA,TOO SMALL,TOO SMALL,TOO SMALL,Cm,4.9,28.9,29.3,22.7,31.0,NA,25.6,24.5,4.6,2.7,3,NA,Good,Yes,"RRF missing 15%, LRF missing 5%, LFF missing 15%, RFF missing 15%",No,NA,Yes,Clean,No,NA,No,NA,None,None,No,NA,NA,Yes,Sample number is TS004,No,Released
NMFS 19496,NMFS_2016-2017,Effects of the recreational bay scallop fishery,"Crystal River, FL, USA",CR201609_1,106,NA,9/10/16,2016,9,3 - Fall,,NA,15:35,Dip Net,28.84154,-82.74998,New Recruit,NA,No,NA,NA,NA,MMF214,FP,982.000406129274,Cm,5.3,34.7,35.4,28.4,38.5,NA,32.5,28.9,6.6,5,6.7,NA,Good,No,NA,No,NA,Yes,Clean,No,NA,No,NA,Few,Few,Yes,28,1,Yes,,No,Released
NMFS 19496,NMFS_2016-2017,Effects of the recreational bay scallop fishery,"Crystal River, FL, USA",CR201609_1,107,NA,9/10/16,2016,9,3 - Fall,,NA,16:09,Dip Net,28.84676,-82.74517,New Recruit,NA,No,NA,NA,NA,MMF215,MMF216,982.000406128826,Cm,5.3,33.6,34.1,26.1,37.7,NA,30.7,27.4,7.4,4.5,6,NA,Good,No,NA,No,NA,Yes,Clean,No,NA,No,NA,Few,Few,Yes,17,1,Yes,,No,Released
NMFS 19496,NMFS_2016-2017,Effects of the recreational bay scallop fishery,"Crystal River, FL, USA",CR201609_1,108,NA,9/10/16,2016,9,3 - Fall,,NA,16:17,Dip Net,28.84125,-82.74802,New Recruit,NA,No,NA,NA,NA,MMF217,MMF218,982.000406129055,Cm,5.5,37.2,37.6,29.6,41.5,NA,34.9,30,7.2,4.9,8,NA,Good,No,NA,No,NA,Yes,Clean,No,NA,No,NA,Few,None,Yes,6,1,Yes,,No,Released
NMFS 19496,NMFS_2016-2017,Effects of the recreational bay scallop fishery,"Crystal River, FL, USA",CR201609_1,109,NA,9/10/16,2016,9,3 - Fall,,NA,16:33,Dip Net,28.84161,-82.75116,New Recruit,NA,No,NA,NA,NA,MMF219,MMF220,982.000406129905,Cm,6.9,43,43.5,33.6,47.2,NA,41,35.8,9.4,6.4,12.2,NA,Good,No,NA,No,NA,Yes,Clean,No,NA,No,NA,None,Few,Yes,45,2,Yes,,No,Released
NMFS 19496,NMFS_2016-2017,Effects of the recreational bay scallop fishery,"Crystal River, FL, USA",CR201609_1,110,NA,9/10/16,2016,9,3 - Fall,,NA,16:37,Dip Net,28.84025,-82.75162,New Recruit,NA,No,NA,NA,NA,MMF221,MMF222,982.000406130368,Cm,6.3,40.8,41.6,32.6,45.3,NA,39.1,33.5,6.4,4.4,10.5,NA,Good,No,NA,No,NA,Yes,Clean,No,NA,No,NA,Few,Few,Yes,11,1,Yes,,No,Released
NMFS 19496,NMFS_2016-2017,Effects of the recreational bay scallop fishery,"Crystal River, FL, USA",CR201609_1,115,NA,9/11/16,2016,9,3 - Fall,,NA,17:12,Dip Net,28.84243,-82.74977,New Recruit,NA,No,NA,NA,NA,TOO SMALL,TOO SMALL,TOO SMALL,Cm,4.8,29.2,29.8,23.7,31.6,NA,26.7,24.5,4.7,2.8,3.2,NA,Good,No,NA,No,NA,Yes,Clean,No,NA,No,NA,None,None,No,NA,NA,Yes,Sample number is TS007,No,Released
NMFS 19496,NMFS_2016-2017,Effects of the recreational bay scallop fishery,"Crystal River, FL, USA",CR201609_2,116,NA,9/23/16,2016,9,3 - Fall,,NA,12:07,Dip Net,28.78581,-82.76335,New Recruit,NA,No,NA,NA,NA,MMF212,MMF213,982.000406128827,Cm,7.4,49.5,50,40.3,53.2,NA,46.2,41,8.4,5.2,15.5,NA,Good,No,NA,No,NA,Yes,Clean,No,NA,No,NA,Few,Few,Yes,7,1,Yes,,No,Released
NMFS 19496,NMFS_2016-2017,Effects of the recreational bay scallop fishery,"Crystal River, FL, USA",CR201610,118,NA,10/16/16,2016,10,3 - Fall,,NA,11:35,Dip Net,28.76275,-82.73833,New Recruit,NA,No,NA,NA,NA,MMF209,MMF208,985.111000930033,Cm,5.7,36.1,36.3,29.8,38.7,NA,34.6,29.7,7.3,4,4.3,NA,Good,Yes,"LFF missing less than 5%, both RRF RLF missing 50%",No,NA,Yes,Clean,No,NA,No,NA,None,None,Yes,18,1,Yes,,No,Released
NMFS 19496,NMFS_2016-2017,Effects of the recreational bay scallop fishery,"Crystal River, FL, USA",CR201610,119,NA,10/16/16,2016,10,3 - Fall,,NA,15:22,Dip Net,28.79242,-82.74184,New Recruit,NA,No,NA,NA,NA,MMF207,MMF206,985.111000930006,Cm,6.4,40.6,41.6,33,43.5,NA,37.7,34.2,7.4,4.5,9.2,NA,Good,No,NA,No,NA,Yes,Clean,No,NA,No,NA,Few,Few,Yes,4,1,Yes,,No,Released
NMFS 19496,NMFS_2016-2017,Effects of the recreational bay scallop fishery,"Crystal River, FL, USA",CR201702,120,C01,2/11/17,2017,2,4 - Winter,,NA,11:25,Dip Net,NA,NA,New Recruit,NA,No,NA,NA,NA,MMF205,MMF204,982.000419720026,Cm,5.5,43,44.2,33.2,47.2,NA,39.1,36.3,8,5.5,10,NA,Good,Yes,missing RRF,No,NA,Yes,Clean,No,NA,Yes,RRF,Partial,None,Yes,38,2,Yes,,No,Released
NMFS 19496,NMFS_2016-2017,Effects of the recreational bay scallop fishery,"Crystal River, FL, USA",CR201702,121,C02,2/11/17,2017,2,4 - Winter,,NA,12:32,Dip Net,NA,NA,New Recruit,NA,No,NA,NA,NA,MMF202,MMF203,982.000419720082,Cm,5.2,31.6,31.9,25.7,34.0,NA,29.2,25.6,4.8,3.6,4.2,NA,Good,No,NA,No,NA,Yes,Clean,Yes,rear base flipper,Yes,Front base flipper,Few,None,Yes,41,1,Yes,,No,Released
NMFS 19496,NMFS_2016-2017,Effects of the recreational bay scallop fishery,"Crystal River, FL, USA",CR201702,123,C04,2/11/17,2017,2,4 - Winter,,NA,15:10,Dip Net,NA,NA,New Recruit,NA,No,NA,NA,NA,MMF277,MMF276,982.000419720019,Cm,5.8,37.1,37.5,28.4,39.4,NA,33.1,30.8,6.1,4.4,5.8,NA,Good,No,NA,Yes,Left front indent,Yes,Clean,No,NA,No,NA,Partial,None,No,NA,NA,Yes,,No,Released
NMFS 19496,NMFS_2016-2017,Effects of the recreational bay scallop fishery,"Crystal River, FL, USA",CR201704,124,C05,4/1/17,2017,4,1 - Spring,,NA,12:40,Dip Net,28.86008,-81.23167,New Recruit,NA,No,NA,NA,NA,MMF278,MMF279,982.000419720128,Cm,5.9,41.2,42.5,33.8,44.0,NA,40.1,35.6,7,4.5,8.5,NA,Good,No,NA,No,NA,Yes,Clean,Yes,LRF RRF,No,NA,None,None,Yes,8,1,Yes,,No,Released
NMFS 19496,NMFS_2016-2017,Effects of the recreational bay scallop fishery,"Crystal River, FL, USA",CR201704,125,C06,4/1/17,2017,4,1 - Spring,,NA,13:48,Rodeo,28.51778,-82.45541,New Recruit,NA,No,NA,NA,NA,MMF281,MMF280,982.000419720098,Cm,6.3,38.5,39.5,30.5,41.0,41.5,35.2,31,5,3.2,6,NA,Good,No,NA,No,NA,Yes,Clean,No,NA,No,NA,None,None,No,NA,NA,Yes,,No,Released
NMFS 19496,NMFS_2016-2017,Effects of the recreational bay scallop fishery,"Crystal River, FL, USA",CR201704,126,C07,4/1/17,2017,4,1 - Spring,,NA,14:50,Dip Net,28.84479,-82.74451,New Recruit,NA,No,NA,NA,NA,MMF282,MMF283,982.000419720024,Cm,6.8,43.4,44.2,33.9,46.5,47.2,39.3,36.4,7.8,4.7,8,NA,Good,No,NA,No,NA,Yes,Clean,Yes,NA,No,NA,Few,None,Yes,10,1,Yes,,No,Released
NMFS 19496,NMFS_2016-2017,Effects of the recreational bay scallop fishery,"Crystal River, FL, USA",CR201704,132,C13,4/2/17,2017,4,1 - Spring,,NA,13:57,Rodeo,28.83918,-82.77489,New Recruit,NA,No,NA,NA,NA,MMF295,FP,982.000419720084,Cm,5.8,38,38.7,37.4,40.3,47.0,36.2,33,4.7,3.4,3.3,NA,Good,No,NA,No,NA,Yes,Clean,No,NA,No,NA,Few,Few,Yes,36,3,Yes,,No,Released
,,Third-Party Recovery,"Crystal River, FL, USA",IWR,74,NA,6/17/17,2017,6,2 - Summer,,NA,NA,NA,NA,NA,Recapture,294,NA,NA,NA,NA,MMF197,MMF198,NA,Cm,NA,35.8,36.3,29.9,38.5,NA,35.3,30.3,6.4,3.9,5.9,NA,NA,NA,NA,NA,NA,NA,NA,NA,NA,NA,NA,NA,NA,NA,NA,NA,NA,,No,Released
NMFS 19496,NMFS_2018-2019,Integrative assessment of a loggerhead foraging aggregation in Crystal River - Year 1,"Crystal River, FL, USA",CR201808,154,C35,8/6/18,2018,8,2 - Summer,,NA,15:51,Rodeo,28.75604,-82.76617,New Recruit,NA,No,NA,NA,NA,MML131,MML132,985.111000930035,Cm,6.7,44.9,45.3,36.2,48.0,48.8,42.3,38.3,8.2,5.1,13.3,NA,Robust,No,NA,No,NA,Yes,Clean,No,NA,No,NA,None,None,Yes,Y,1,Yes,,No,Released
NMFS 19496,NMFS_2018-2019,Integrative assessment of a loggerhead foraging aggregation in Crystal River - Year 1,"Crystal River, FL, USA",CR201808,159,C40,8/7/18,2018,8,2 - Summer,,NA,12:10,Rodeo,28.81649,-82.74344,New Recruit,NA,No,NA,NA,NA,NA,NA,985.111000930032,Cm,5.2,32.9,33.4,24.3,34.9,35.7,28.9,27,6.7,5.2,4.2,NA,Robust,No,NA,Yes,Chunk missing at rear ,Yes,Clean,Yes,Near tail,Yes,Flipper and carapace,None,None,Yes,29,3,Yes,,No,Released
NMFS 19496,NMFS_2018-2019,Integrative assessment of a loggerhead foraging aggregation in Crystal River - Year 1,"Crystal River, FL, USA",CR201808,160,C41,8/8/18,2018,8,2 - Summer,,NA,12:25,Rodeo,28.78576,-82.74559,New Recruit,NA,No,NA,NA,NA,MML137,MML138,985.111000930044,Cm,6.7,39,40.2,30.7,42.4,43.3,35.9,33.4,6.9,4.8,6.5,NA,Good,No,NA,No,NA,Yes,Clean,No,NA,No,NA,Few,None,Yes,10,1,Yes,,No,Released
NMFS 19496,NMFS_2018-2019,Integrative assessment of a loggerhead foraging aggregation in Crystal River - Year 1,"Crystal River, FL, USA",CR201808,161,C42,8/8/18,2018,8,2 - Summer,,NA,13:41,Rodeo,28.80060,-82.73659,New Recruit,NA,No,NA,NA,NA,MML139,MMl140,985.111000930029,Cm,5,31,31.3,26.2,32.7,33.2,29.5,25.4,6.3,4.9,2.6,NA,Good,No,NA,No,NA,Yes,Clean,No,NA,No,NA,Few,None,Yes,4,1,Yes,,No,Released
NMFS 19496,NMFS_2018-2019,Integrative assessment of a loggerhead foraging aggregation in Crystal River - Year 1,"Crystal River, FL, USA",CR201808,162,C43,8/8/18,2018,8,2 - Summer,,NA,13:50,Rodeo,28.80247,-82.74039,New Recruit,NA,No,NA,NA,NA,NA,NA,985.111000930052,Cm,4.2,27.9,28.7,22.7,29.9,30.5,25.4,23.1,5.1,3.2,2.9,NA,Good,No,NA,No,NA,Yes,Clean,No,NA,No,NA,None,None,No,NA,NA,Yes,,No,Released
NMFS 19496,NMFS_2018-2019,Integrative assessment of a loggerhead foraging aggregation in Crystal River - Year 1,"Crystal River, FL, USA",CR201808,163,C44,8/8/18,2018,8,2 - Summer,,NA,15:30,Rodeo,28.80028,-82.75859,New Recruit,NA,No,NA,NA,NA,MML141,MML142,985.111000930049,Cm,5,32.6,33.2,25.4,35.6,36.6,29.8,28,6.1,3.3,4.2,NA,Good,Yes,LFF,No,NA,Yes,Clean,No,NA,No,NA,None,None,Yes,31,2,Yes,,No,Released
NMFS 19496,NMFS_2018-2019,Integrative assessment of a loggerhead foraging aggregation in Crystal River - Year 1,"Crystal River, FL, USA",CR201808,164,C45,8/8/18,2018,8,2 - Summer,,NA,17:26,Rodeo,28.83617,-82.75457,New Recruit,NA,No,NA,NA,NA,MML144,MML143,985.111000930026,Cm,5,33.7,34,26.7,36.8,37.4,31.9,28.3,6.4,3.7,5.1,NA,Good,No,NA,No,NA,Yes,Clean,No,NA,No,NA,Few,None,Yes,11,1,Yes,PIT tag in R flipper,No,Released
NMFS 19496,NMFS_2018-2019,Integrative assessment of a loggerhead foraging aggregation in Crystal River - Year 1,"Crystal River, FL, USA",CR201810,168,C49,10/5/18,2018,10,3 - Fall,,NA,13:15,Rodeo,28.81432,-82.75443,New Recruit,NA,No,NA,NA,NA,MML182,MML181,982.000410609936,Cm,5.8,38.4,38.8,28.7,41.9,42.5,33.3,31.2,7.1,4.6,7.2,NA,Good,No,NA,No,NA,Yes,Clean,No,NA,No,NA,None,Few,No,NA,NA,Yes,,No,Released
NMFS 19496,NMFS_2018-2019,Integrative assessment of a loggerhead foraging aggregation in Crystal River - Year 1,"Crystal River, FL, USA",CR201810,169,C50,10/5/18,2018,10,3 - Fall,,NA,16:14,Rodeo,28.80363,-82.76662,New Recruit,NA,No,NA,NA,NA,MML184,MML186,982.000410609310,Cm,7.3,55.5,56.6,43.4,61.1,62.1,55.4,46.7,10.1,6.5,20.5,NA,Robust,No,NA,No,NA,Yes,Clean,No,NA,No,NA,None,None,Yes,6,1,Yes,2 weird healed lesions on neck and shoulder. Excessive fecal deposit,No,Released
NMFS 19496,NMFS_2018-2019,Integrative assessment of a loggerhead foraging aggregation in Crystal River - Year 1,"Crystal River, FL, USA",CR201810,174,C55,10/7/18,2018,10,3 - Fall,,NA,12:21,Rodeo,28.79055,-82.73775,New Recruit,NA,No,NA,NA,NA,MML196,MML195,982.000410600839,Cm,5.1,34.3,34.4,28.7,37.0,37.5,32.8,29.2,5.5,3.9,5.8,NA,Good,No,NA,No,NA,Yes,Clean,No,NA,No,NA,None,None,Yes,34,2,Yes,,No,Released
NMFS 19496,NMFS_2018-2019,Integrative assessment of a loggerhead foraging aggregation in Crystal River - Year 1,"Crystal River, FL, USA",CR201810,175,C56,10/7/18,2018,10,3 - Fall,,NA,12:28,Rodeo,28.79062,-82.73828,New Recruit,NA,No,NA,NA,NA,MML198,MML197,982.000410634212,Cm,5.2,32.6,34.5,27.2,35.2,36.2,30.7,27,5,3.4,4.7,NA,Good,No,NA,No,NA,Yes,Clean,No,NA,No,NA,None,None,Yes,39,1,Yes,,No,Released
NMFS 19496,NMFS_2018-2019,Integrative assessment of a loggerhead foraging aggregation in Crystal River - Year 1,"Crystal River, FL, USA",CR201811,176,C57,11/30/18,2018,11,3 - Fall,,NA,13:58,Rodeo,28.79337,-82.80634,New Recruit,NA,No,NA,NA,NA,Too Small,Too small,982.000410610136,Cm,4.7,28.7,29.1,22.5,30.3,30.6,26.5,23.5,6,4.5,3.1,NA,Good,No,NA,No,NA,Yes,Clean,No,NA,No,NA,Few,Few,No,NA,NA,Yes,,No,Released
NMFS 19496,NMFS_2018-2019,Integrative assessment of a loggerhead foraging aggregation in Crystal River - Year 1,"Crystal River, FL, USA",CR201811,177,C58,11/30/18,2018,11,3 - Fall,,NA,14:13,Rodeo,28.79275,-82.80886,New Recruit,NA,No,NA,NA,NA,MML199,MML200,982.000410609908,Cm,6.2,40.2,41.2,32.5,43.8,44.5,37.6,34.3,8.1,5.5,9.3,NA,Good,Yes,RFF little piece gone,No,NA,Yes,Clean,No,NA,No,NA,Few,None,Yes,2,1,Yes,,No,Released
NMFS 19496,NMFS_2018-2019,Integrative assessment of a loggerhead foraging aggregation in Crystal River - Year 1,"Crystal River, FL, USA",CR201902,180,C180,2/17/19,2019,2,4 - Winter,,NA,16:03,Rodeo,28.84249,-82.76123,New Recruit,NA,No,NA,NA,NA,KKF 130 ,KKF 131,982.000410609866,Cm,5.7,38.6,40.5,29.6,41.5,41.9,34.7,32.3,6.1,4.5,9.3,NA,Good,Yes,Both RRF LRF damaged (potential bites/prop damage),No,NA,Yes,Clean,No,NA,No,NA,Few,Few,Yes,23,2,Yes,Evidence of recent feeding: Seagrass in mouth,No,Released
NMFS 19496,NMFS_2018-2019,Integrative assessment of a loggerhead foraging aggregation in Crystal River - Year 1,"Crystal River, FL, USA",CR201905,184,C419,5/12/19,2019,5,1 - Spring,,NA,11:35,Dip Net,28.79549,-82.74815,New Recruit,NA,No,NA,NA,NA,KKF138,KKF139,982.000419720111,Cm,6,33.5,34.5,26,35.0,35.8,31,28,6.5,4.5,5.2,NA,Robust,No,NA,No,NA,Yes,Clean,No,NA,No,NA,None,None,No,NA,NA,Yes,Algae in mouth; Tail did not extend past carapace so tail-ventral photo taken,No,Released
MTP-243-19,FWC_2019,"Chasing Life on Loggerheads: an integrated epibiosis study to assess foraging behavior, reproductive success and habitats of Northern Gulf of Mexico loggerheads nesting at St. George Island","St George Island, FL, USA",Stg2019,462 STG 2019,NA,6/17/19,2019,6,2 - Summer,NA,NA,2:04,Encountered Terrestrial,29.63134,-84.92385,Recapture,NA,Yes,LRF,NA,NA,NA,NA,982.000364357473,Cm,NA,NA,NA,NA,NA,NA,NA,NA,NA,NA,NA,Female,NA,NA,NA,NA,NA,NA,NA,NA,NA,NA,NA,NA,NA,NA,NA,NA,No,"Possible tag scar LRF, Abandoned body pit soon after approach and moved further inland to nest ",No,Released
NMFS 19496,NMFS_2018-2019,Integrative assessment of a loggerhead foraging aggregation in Crystal River - Year 2,"Crystal River, FL, USA",CR201908,200,C460,8/19/19,2019,8,2 - Summer,,NA,14:30,Dip Net,28.76980,-82.76198,New Recruit,NA,No,NA,NA,NA,KKF159,KKF160,982.000410599056,Cm,4.9,30.9,31.5,28.6,33.0,33.5,27.6,26.1,NA,NA,NA,NA,Robust,No,NA,No,NA,Yes,Clean,No,NA,Yes,Plastron,None,None,Yes,22,8,Yes,Too much FP for tail measurement; Tail did not extend past carapace so tail-ventral photo taken,No,Released
NMFS 19496,NMFS_2018-2019,Integrative assessment of a loggerhead foraging aggregation in Crystal River - Year 2,"Crystal River, FL, USA",CR201908,201,C494,8/20/19,2019,8,2 - Summer,,NA,12:52,Dip Net,28.76158,-82.76263,New Recruit,NA,No,NA,NA,NA,KKF161,KKF162,982.000410605087,Cm,4.5,30.3,30.9,23.3,32.2,32.9,26.2,25.5,6,3.9,3.2,NA,Good,No,NA,No,NA,Yes,Clean,No,NA,No,NA,None,None,No,NA,NA,Yes,Tail did not extend past carapace so tail-ventral photo taken,No,Released
NMFS 19496,NMFS_2018-2019,Integrative assessment of a loggerhead foraging aggregation in Crystal River - Year 2,"Crystal River, FL, USA",CR201908,202,C505,8/20/19,2019,8,2 - Summer,,NA,15:00,Dip Net,28.78035,-82.76257,New Recruit,NA,No,NA,NA,NA,TOO SMALL,TOO SMALL,982.000410609615,Cm,5.7,34.3,34.9,28.3,36.7,37.1,33,28.1,6.9,4.4,6.2,NA,Robust,No,NA,No,NA,Yes,Clean,No,NA,No,NA,None,None,No,NA,NA,Yes,Tail did not extend past carapace so tail-ventral photo taken,No,Released
NMFS 19496,NMFS_2018-2019,Integrative assessment of a loggerhead foraging aggregation in Crystal River - Year 2,"Crystal River, FL, USA",CR201908,203,C559,8/22/19,2019,8,2 - Summer,,NA,10:09,Rodeo,28.80854,-82.76939,New Recruit,NA,No,NA,NA,NA,KKF164,KKF166,982.000410609543,Cm,7.3,49.5,50.3,38.3,52.0,53.0,44,40.6,9.5,7,17,NA,Robust,No,NA,No,NA,Yes,Clean,No,NA,No,NA,Few,None,No,NA,NA,Yes,Pit tag on right front flipper; Bad tags KKF163 and KKF165; Tail did not extend past carapace so tail-ventral photo taken,No,Released
NMFS 19496,NMFS_2018-2019,Integrative assessment of a loggerhead foraging aggregation in Crystal River - Year 2,"Crystal River, FL, USA",CR201908,204,C568,8/22/19,2019,8,2 - Summer,,NA,11:12,Dip Net,28.79576,-82.76970,New Recruit,NA,No,NA,NA,NA,KKF167,KKF168,982.000410278952,Cm,5.7,40,40.7,30.6,42.0,42.7,35,32.5,6.2,5.6,6.8,NA,Good,No,NA,No,NA,Yes,Clean,No,NA,No,NA,Partial,None,Yes,25,7,Yes,Tail did not extend past carapace so tail-ventral photo taken,No,Released
NMFS 19496,NMFS_2018-2019,Integrative assessment of a loggerhead foraging aggregation in Crystal River - Year 2,"Crystal River, FL, USA",CR201908,205,C574,8/22/19,2019,8,2 - Summer,,NA,12:01,Dip Net,28.78456,-82.77826,New Recruit,NA,No,NA,NA,NA,TOO SMALL,TOO SMALL,TOO SMALL,Cm,5.2,29.1,29.5,23.8,30.6,30.9,26.1,23.9,3.5,2.7,3.5,NA,Good,No,NA,No,NA,Yes,Clean,No,NA,No,NA,None,None,No,NA,NA,Yes,Too small to tag; ID WP 574; Tail did not extend past carapace so tail-ventral photo taken,No,Released
NMFS 19496,NMFS_2018-2019,Integrative assessment of a loggerhead foraging aggregation in Crystal River - Year 2,"Crystal River, FL, USA",CR201908,206,C581,8/22/19,2019,8,2 - Summer,,NA,12:28,Dip Net,28.78314,-82.77812,New Recruit,NA,No,NA,NA,NA,TOO SMALL,TOO SMALL,TOO SMALL,Cm,4.6,27.8,29.2,22.3,29.4,30.7,27,22.8,3.2,4.5,2.4,NA,Good,No,NA,No,NA,Yes,Clean,No,NA,No,NA,None,None,No,NA,NA,Yes,ID WP 581; Tail did not extend past carapace so tail-ventral photo taken,No,Released
NMFS 19496,NMFS_2018-2019,Integrative assessment of a loggerhead foraging aggregation in Crystal River - Year 2,"Crystal River, FL, USA",CR201908,207,C580,8/22/19,2019,8,2 - Summer,,NA,12:28,Dip Net,28.78344,-82.77832,New Recruit,NA,No,NA,NA,NA,KKF169,KKF170,982.000408448420,Cm,6.2,43.3,44.4,33.6,46.7,47.0,40.3,36,8.7,5,10.8,NA,Good,No,NA,No,NA,Yes,Clean,No,NA,No,NA,Few,None,Yes,23,7,Yes,Tail did not extend past carapace so tail-ventral photo taken,No,Released
NMFS 19496,NMFS_2018-2019,Integrative assessment of a loggerhead foraging aggregation in Crystal River - Year 2,"Crystal River, FL, USA",CR201908,209,C589,8/22/19,2019,8,2 - Summer,,NA,14:32,Dip Net,28.71706,-82.76749,New Recruit,NA,No,NA,NA,NA,NA,NA,NA,Cm,6.7,44.3,44.4,34.2,46.8,47.2,39.7,37.7,NA,NA,8.4,Female,Good,No,NA,No,NA,Yes,Clean,No,NA,No,NA,Few,None,Yes,11,5,Yes,"FP tumors blocked tail measurements. Turtle spotted at surface, unable to dive/maintain depth. Captured and transported to Homasassa for transfer to Clearwater Marine Aquarium. Tail did not extend past carapace so tail-ventral photo taken. Sex determined at necropsy.",Yes,Necropsied
NMFS 19496,NMFS_2019-2020,Integrative assessment of a loggerhead foraging aggregation in Crystal River - Year 2,"Crystal River, FL, USA",CR201910,220,C655,10/11/19,2019,10,3 - Fall,,NA,11:22,Dip Net,28.80301,-82.77376,New Recruit,NA,No,NA,NA,NA,NA,NA,982.000410276904,Cm,5.6,37,37.5,29.8,39.5,40.0,33.8,31.6,5,3.5,6.5,NA,Good,No,NA,No,NA,Yes,Clean,No,NA,No,NA,None,None,Yes,29,3,Yes,No flipper tag as turtle had too many FP tumors,No,Released
NMFS 19496,NMFS_2019-2020,Integrative assessment of a loggerhead foraging aggregation in Crystal River - Year 2,"Crystal River, FL, USA",CR201910,221,C658,10/11/19,2019,10,3 - Fall,,NA,12:13,Dip Net,28.81701,-82.76182,New Recruit,NA,No,NA,NA,NA,NA,NA,NA,Cm,6.5,40.1,40.3,31.5,42.4,43.1,35.5,NA,NA,NA,8.42,Female,Good,No,NA,Yes,10cm gash along central posterior carapace. Possible recent boat strike,No,NA,NA,Didn't check,NA,Didn't check,None,None,Yes,NA,NA,No,Turtle transferred to Clearwater Marine Aquarium for evaluation due to carapace injury and significant FP tumors. Euthanized by veterinary staff after MRI revealed large internal FP tumors. Skin and scute samples taken by CMA and shipped to FSU. FP Tumor score and plastron measurements not taken due to carapace injury. Sex determined at necropsy.,Yes,Necropsied
NMFS 19496,NMFS_2019-2020,Integrative assessment of a loggerhead foraging aggregation in Crystal River - Year 2,"Crystal River, FL, USA",CR201911,222,C626,11/22/19,2019,11,3 - Fall,CR111904,NA,12:34,Rodeo,28.77325,-82.78395,New Recruit,NA,No,NA,No,NA,KKF197,KKF200,982.000410281570,Cm,5.8,36.4,37.2,28.4,38.4,39.3,33.6,30.2,6,4.5,4.9,NA,Good,Yes,Abnormal RRF,No,NA,Yes,Clean,No,NA,No,NA,Few,None,Yes,2,1,Yes,"Bad Tag KKF199, small scar RFF, RRF abnormal growth. Tail did not extend past carapace so ventral photo taken.",No,Released
NMFS 19496,NMFS_2019-2020,Integrative assessment of a loggerhead foraging aggregation in Crystal River - Year 2,"Crystal River, FL, USA",CR201911,223,C631,11/22/19,2019,11,3 - Fall,CR111904,NA,13:21,Rodeo,28.77246,-82.78894,New Recruit,NA,No,NA,No,NA,NA,NA,982.000410282706,Cm,5.7,34.3,34.7,26.6,36.5,37.0,30,28.9,5,2.3,6,NA,Good,No,NA,No,NA,Yes,Clean,No,NA,No,NA,None,None,No,NA,NA,Yes,"PIT tag, no metal tag too small, tail did not extend past carapace so ventral photo taken",No,Released
NMFS 19496,NMFS_2019-2020,Integrative assessment of a loggerhead foraging aggregation in Crystal River - Year 2,"Crystal River, FL, USA",CR201911,225,C706,11/25/19,2019,11,3 - Fall,CR111918,NA,10:25,Rodeo,28.75759,-82.74467,New Recruit,NA,No,NA,No,NA,NA,NA,982.000410277403,Cm,5.2,30,30.5,23.7,31.2,31.8,27.5,25.2,5.6,4.5,4.5,NA,Good,No,NA,Yes,Right supracaudal notched,Yes,Clean,No,NA,No,NA,None,None,Yes,15,1,Yes,Tail did not extend past carapace so ventral photo taken,No,Released
NMFS 19496,NMFS_2019-2020,Integrative assessment of a loggerhead foraging aggregation in Crystal River - Year 2,"Crystal River, FL, USA",CR202001,226,C721,1/10/20,2020,1,4 - Winter,CR012002,NA,12:00,Rodeo,28.83071,-82.78534,New Recruit,NA,No,NA,No,NA,NA,NA,982.000408445993,Cm,6.7,42.5,43.2,34.4,45.0,45.3,36.3,36.3,7.9,7.5,9,NA,Good,No,NA,No,NA,Yes,Clean,Yes,Base rear flipper and tail,Yes,Base rear flipper and plastron,Few,None,Yes,33,12,Yes,Tail did not extend past carapace so ventral photo taken,No,Released
NMFS 19496,NMFS_2019-2020,Integrative assessment of a loggerhead foraging aggregation in Crystal River - Year 2,"Crystal River, FL, USA",CR202002,229,C941,2/24/20,2020,2,4 - Winter,CR022014,NA,12:00,Rodeo,28.73971,-82.75397,New Recruit,NA,No,NA,No,NA,NA,NA,982.000408448904,Cm,5.4,30.5,30.7,24.4,32.2,32.4,27,25.3,5,3,3.2,NA,Good,No,NA,No,NA,Yes,Clean,No,NA,No,NA,None,None,No,NA,NA,Yes,"Tail did not extend past carapace so ventral photo taken, Possible biopsy scar on left shoulder but not PIT tag found, too small to flipper tag",No,Released
NMFS 19496,NMFS_2019-2020,Integrative assessment of a loggerhead foraging aggregation in Crystal River - Year 2,"Crystal River, FL, USA",CR202002,230,C944,2/24/20,2020,2,4 - Winter,CR022015,NA,13:07,Rodeo,28.75705,-82.76868,New Recruit,NA,No,NA,No,NA,NA,NA,982.000410284713,Cm,5.1,32.4,33.7,24.6,34.4,35.0,29,27.8,5.8,4,4.2,NA,Good,No,NA,No,NA,Yes,Clean,No,NA,Yes,Few along left rear plastron,None,None,No ,NA,NA,Yes,"Tail did not extend past carapace so ventral photo taken, too small to flipper tag",No,Released
NMFS 19496,NMFS_2020-2021,Population structure and foraging ecology of loggerhead turtles in Crystal River,"Crystal River, FL, USA",CR202106,258,C1173,6/6/21,2021,6,2 - Summer,CR062114,NA,14:10,Rodeo,28.81532,-82.75599,New Recruit,NA,No,NA,No,NA,KKF263,KKF266,982.000407595577,Cm,7.9,45.7,46.5,35.8,48.6,49.3,41.7,38,6.6,9.7,NA,NA,Good,No,NA,No,NA,Yes,Clean,No,NA,No,NA,Few,None,Yes,7,2,Yes,Tail did not extend past carapace so ventral photo taken,No,Released
NMFS 19496,NMFS_2020-2021,Population structure and foraging ecology of loggerhead turtles in Crystal River,"Crystal River, FL, USA",CR202106,259,C1178,6/6/21,2021,6,2 - Summer,CR062115,NA,15:48,Rodeo,28.84415,-82.7479,New Recruit,NA,No,NA,No,NA,NA,NA,NA,Cm,6.1,44.1,44.7,34.2,48.6,49.8,43.4,NA,NA,NA,11.5,NA,Good,Yes,Hook in LFF,No,NA,Yes,Swallowed fishing line,No,NA,No,NA,Few,None,Yes,NA,NA,Yes,"Hook in LFF and ventral shoulder, also appears to have swallowed fishing line, transferred to CMA rescue team, sampling limitted due to rescue restrictions.",Yes,Necropsied
NMFS 19496,NMFS_2020-2021,Population structure and foraging ecology of loggerhead turtles in Crystal River,"Crystal River, FL, USA",CR202106,260,C1191,6/7/21,2021,6,2 - Summer,CR062117,NA,12:01,Dip Net,28.79845,-82.732222,New Recruit,NA,No,NA,No,NA,NA,NA,NA,Cm,4.2,26.2,26.8,20.8,28.9,29.5,25.6,22.9,6.5,5,NA,NA,Good,No,NA,No,NA,Yes,Clean,No,NA,No,NA,None,None,Yes,43,8,Yes,"Many paps (not smooth, cauliflowery), Tail measurement over paps, Tail did not extend past carapace so ventral photo taken, Too small to tag",No,Released
MTP-239-21,FWC_2021,Investigating loggerhead sea turtle embryonic tolerance to wave exposure and groundwater inundation,"St George Island, FL, USA",Stg2021,646STG2021,NA,6/18/21,2021,6,2 - Summer,NA,NA,2:53,Encountered Terrestrial,29.63458,-84.91688,Recapture,NA,NA,NA,NA,NA,NA,NA,982.000364375473,Cm,NA,NA,NA,NA,NA,111,100,NA,NA,NA,NA,Female,NA,NA,NA,NA,NA,NA,NA,NA,NA,NA,NA,NA,NA,NA,NA,NA,No,NA,No,Released
MTP-239-21,FWC_2021,Investigating loggerhead sea turtle embryonic tolerance to wave exposure and groundwater inundation,"St George Island, FL, USA",Stg2021,646STG2021,NA,6/20/21,2021,6,2 - Summer,NA,NA,23:52,Encountered Terrestrial,29.63765,-84.91118,Recapture,NA,NA,NA,NA,NA,KKF305,KKF306,982.000364375473,Cm,NA,NA,NA,NA,110.85,111.25,100.6,NA,NA,NA,NA,Female,NA,NA,NA,NA,NA,NA,NA,NA,NA,NA,NA,NA,NA,NA,NA,NA,No,"Bad Tag KKF303/304, Not much of a true notch was present, 2 additional body pits and egg chambers, triangular possible tag scar in LRF and RRF",No,Released
MTP-239-21,FWC_2021,Investigating loggerhead sea turtle embryonic tolerance to wave exposure and groundwater inundation,"St George Island, FL, USA",Stg2021,673STG2021,NA,6/25/21,2021,6,2 - Summer,NA,NA,22:37,Encountered Terrestrial,29.64025,-84.90714,New Recruit,NA,NA,NA,NA,NA,KKF382,KKF383,989.001000000000,Cm,NA,NA,NA,NA,113.1,113.6,102.1,NA,NA,NA,NA,Female,NA,NA,NA,NA,NA,NA,NA,NA,NA,NA,NA,NA,NA,NA,NA,NA,No,Did not have a distinct notch; Bad PIT tag 982000408448631,No,Released
MTP-239-21,FWC_2021,Investigating loggerhead sea turtle embryonic tolerance to wave exposure and groundwater inundation,"St George Island, FL, USA",Stg2021,673STG2021,NA,6/26/21,2021,6,2 - Summer,NA,NA,22:02,Encountered Terrestrial,29.62888,-84.92796,Recapture,1,NA,NA,NA,NA,KKF382,KKF383,989.001000000000,Cm,NA,NA,NA,NA,114.3,114.4,105.1,NA,NA,NA,NA,Female,NA,NA,NA,NA,NA,NA,NA,NA,NA,NA,NA,NA,NA,NA,NA,NA,No,Recapture from previous night. WP1578 GPS 1,No,Released
NMFS 19496,NMFS_2020-2021,Population structure and foraging ecology of loggerhead turtles in Crystal River,"Crystal River, FL, USA",CR202107,266,C744,7/17/21,2021,7,2 - Summer,CR072106,NA,13:26,Rodeo,28.7944,-82.77088,New Recruit,NA,No,NA,No,NA,KKF279,KKF280,982.000407595304,Cm,7.4,58.1,59.9,48.9,65.3,66.4,59.6,49,11.4,8.3,23.5,NA,Good,No,NA,No,NA,Yes,Clean,No,NA,Yes,Few on rear right flipper attachment soft tissue,None,None,No,NA,NA,Yes,Tail did not extend past carapace so ventral photo taken,No,Released